{
  "elements": [
    "base",
    "torso_t0",
    "torso",
    "left_torso_arm_mount",
    "left_arm_mount",
    "left_s0",
    "left_upper_shoulder",
    "left_s1",
    "left_lower_shoulder",
    "left_e0",
    "left_upper_elbow",
    "left_e1",
    "left_lower_elbow",
    "left_w0",
    "left_upper_forearm",
    "left_w1",
    "left_lower_forearm",
    "left_w2",
    "left_wrist",
    "left_hand",
    "left_hand",
    "left_gripper_base",
    "left_gripper_base",
    "left_endpoint",
    "left_gripper"
  ],
  "urdf_file": "baxter.urdf",
  "active_links_mask": [
    false,
    false,
    false,
    true,
    true,
    true,
    true,
    true,
    true,
    true,
    true,
    true,
    true,
    false
  ],
  "last_link_vector": [
    0,
    0.18,
    0
  ],
  "name": "baxter_left_arm",
  "version": "v1"
}